Revision,Connector,Pin,Controller net,Carrier net,MCU GPIO,MCU pad,Domain
P6,J30,1,GND,GND_STM32,,,clean
P6,J30,2,GND,GND_STM32,,,clean
P6,J30,3,PORT_BRAKE_RELEASE_CMD,PORT_BRAKE_RELEASE_CMD,PD11,80,clean
P6,J30,4,STAR_BRAKE_RELEASE_CMD,STAR_BRAKE_RELEASE_CMD,PD12,81,clean
P6,J30,5,HOME_POS,HOME_POS,PD13,82,clean
P6,J30,6,E_STOP_OK,E_STOP_OK,PD15,86,clean
P6,J30,7,PORT_ENC_A,PORT_ENC_A,PA5,41,clean
P6,J30,8,PORT_ENC_B,PORT_ENC_B,PB3,133,clean
P6,J30,9,PORT_ENC_Z,PORT_ENC_Z,PE4,3,clean
P6,J30,10,STAR_ENC_A,STAR_ENC_A,PC6,96,clean
P6,J30,11,STAR_ENC_B,STAR_ENC_B,PC7,97,clean
P6,J30,12,STAR_ENC_Z,STAR_ENC_Z,PE3,2,clean
P6,J30,13,GND,GND_STM32,,,clean
P6,J30,14,GND,GND_STM32,,,clean
P6,J30,15,STM32_SCL,STM32_SCL,PB8,139,clean
P6,J30,16,STM32_SDA,STM32_SDA,PB9,140,clean
P6,J30,17,TX_CAN,TX_CAN,PD1,115,clean
P6,J30,18,RX_CAN,RX_CAN,PD0,114,clean
P6,J30,19,Silent_Mode,Silent_Mode,PE7,58,clean
P6,J30,20,PIVOT_MODBUS_TX,PIVOT_MODBUS_TX,PD5,119,clean
P6,J30,21,PIVOT_MODBUS_RX,PIVOT_MODBUS_RX,PD6,122,clean
P6,J30,22,PIVOT_MODBUS_DE,PIVOT_MODBUS_DE,PD4,118,clean
P6,J30,23,NRST,CTRL_NRST,,,clean
P6,J30,24,GND,GND_STM32,,,clean
P6,J30,25,B2B_5V_IN,+5V_STM32,,,clean
P6,J30,26,B2B_5V_IN,+5V_STM32,,,clean
P6,J30,27,3V3_DIG,+3V3_STM32,,,clean
P6,J30,28,3V3_DIG,+3V3_STM32,,,clean
P6,J30,29,GND,GND_STM32,,,clean
P6,J30,30,GND,GND_STM32,,,clean
P6,J31,1,-BATT,-BATT,,,field
P6,J31,2,-BATT,-BATT,,,field
P6,J31,3,-BATT,-BATT,,,field
P6,J31,4,-BATT,-BATT,,,field
P6,J31,5,+5V_FIELD,+5V_FIELD,,,field
P6,J31,6,+5V_FIELD,+5V_FIELD,,,field
P6,J31,7,-BATT,-BATT,,,field
P6,J31,8,-BATT,-BATT,,,field
P6,J31,9,+6.5V_ENC_PORT,+6.5V_ENC_PORT,,,field
P6,J31,10,+6.5V_ENC_PORT,+6.5V_ENC_PORT,,,field
P6,J31,11,+5V_ENC_PORT,+5V_ENC_PORT,,,field
P6,J31,12,+5V_ENC_PORT,+5V_ENC_PORT,,,field
P6,J31,13,-BATT,-BATT,,,field
P6,J31,14,-BATT,-BATT,,,field
P6,J31,15,+6.5V_ENC_STAR,+6.5V_ENC_STAR,,,field
P6,J31,16,+6.5V_ENC_STAR,+6.5V_ENC_STAR,,,field
P6,J31,17,+5V_ENC_STAR,+5V_ENC_STAR,,,field
P6,J31,18,+5V_ENC_STAR,+5V_ENC_STAR,,,field
P6,J31,19,-BATT,-BATT,,,field
P6,J31,20,-BATT,-BATT,,,field
